City_ID,City,Lat,Lng,Max Temp,Humidity,Cloudiness,Wind Speed,Country,Date
0,kodinsk,58.6881,99.1844,18.74,65,94,1.39,RU,1691715688
1,ushuaia,-54.8,-68.3,0.81,100,75,3.09,AR,1691715688
2,port-aux-francais,-49.35,70.2167,3.42,78,53,16.32,TF,1691715688
3,bethel,41.3712,-73.414,21.47,86,100,1.24,US,1691715688
4,darnah,32.767,22.6367,25.06,67,0,7.85,LY,1691715688
5,waitangi,-43.9535,-176.5597,12.68,90,100,2.68,NZ,1691715688
6,xilin hot,43.9667,116.0333,24.16,70,91,1.97,CN,1691715514
7,constantia,44.1833,28.65,20.39,59,95,6.15,RO,1691715399
8,hinton,53.4001,-117.5857,20.11,38,50,5.14,CA,1691715689
9,ust-tsilma,65.441,52.1498,12.01,81,5,1.0,RU,1691715689
10,olyokminsk,60.3736,120.4264,25.27,47,100,2.49,RU,1691715689
11,adamstown,-25.066,-130.1015,17.96,61,14,10.53,PN,1691715689
12,margaret river,-33.95,115.0667,13.71,70,23,2.17,AU,1691715689
13,isafjordur,66.0755,-23.124,6.54,89,47,4.51,IS,1691715689
14,shelbyville,35.4834,-86.4603,25.69,1,1,1.94,US,1691715690
15,codrington,-38.2667,141.9667,12.85,73,100,6.03,AU,1691715417
16,yeniseysk,58.4497,92.1703,16.58,76,100,2.3,RU,1691715690
17,piskent,40.8972,69.3506,24.04,34,0,1.73,UZ,1691715690
18,mangrol,21.1167,70.1167,26.68,82,100,6.66,IN,1691715690
19,qaqortoq,60.7167,-46.0333,6.67,78,100,0.56,GL,1691715690
20,grytviken,-54.2811,-36.5092,-0.23,98,100,5.23,GS,1691715690
21,puerto natales,-51.7236,-72.4875,-0.47,94,17,1.9,CL,1691715690
22,west island,-12.1568,96.8225,24.99,88,100,5.66,CC,1691715691
23,stanley,54.868,-1.6985,18.83,86,0,2.06,GB,1691715691
24,ishikawa,26.4233,127.8214,29.18,84,40,1.54,JP,1691715691
25,camalu,30.85,-116.0667,22.42,75,0,4.28,MX,1691715691
26,pacasmayo,-7.4006,-79.5714,20.27,81,36,6.65,PE,1691715691
27,piti village,13.4626,144.6933,27.16,91,100,3.09,GU,1691715691
28,kapuskasing,49.4169,-82.4331,17.05,72,75,4.63,CA,1691715568
29,burley,42.5357,-113.7928,29.05,19,0,6.54,US,1691715691
30,pasni,25.2631,63.471,27.08,81,91,5.17,PK,1691715691
31,tiksi,71.6872,128.8694,19.5,39,7,5.06,RU,1691715692
32,iqaluit,63.7506,-68.5145,5.85,93,75,4.47,CA,1691715616
33,alabat,14.1028,122.0153,28.84,74,67,2.42,PH,1691715692
34,albany,42.6001,-73.9662,20.58,89,72,1.22,US,1691715656
35,turpan,42.9333,89.1667,35.96,18,0,2.94,CN,1691715692
36,nevele,51.0591,3.5577,19.09,81,0,3.12,BE,1691715692
37,igarape miri,-1.975,-48.9597,25.03,85,84,1.54,BR,1691715692
38,puerto ayora,-0.7393,-90.3518,24.75,94,65,1.34,EC,1691715692
39,nova sintra,14.8667,-24.7167,22.62,75,20,4.89,CV,1691715393
40,iskateley,67.6803,53.1512,11.32,78,5,1.04,RU,1691715692
41,cockburn town,21.4612,-71.1419,28.92,85,100,9.21,TC,1691715395
42,celestun,20.8667,-90.4,29.2,80,15,7.79,MX,1691715692
43,olonkinbyen,70.9221,-8.7187,6.45,99,99,3.61,SJ,1691715693
44,great falls,47.5002,-111.3008,26.66,26,75,8.75,US,1691715693
45,isangel,-19.55,169.2667,23.06,56,75,3.09,VU,1691715430
46,hawaiian paradise park,19.5933,-154.9731,28.74,78,34,4.78,US,1691715693
47,nar'yan-mar,67.6713,53.087,11.35,79,5,1.07,RU,1691715693
48,noumea,-22.2763,166.4572,21.99,53,0,5.51,NC,1691715258
49,qarah zia' od din,38.8915,45.0255,28.48,32,1,1.22,IR,1691715693
50,santarem,-2.4431,-54.7083,27.07,89,0,1.54,BR,1691715693
51,college,64.8569,-147.8028,22.89,77,20,0.0,US,1691715613
52,blackmans bay,-43.0167,147.3167,12.61,73,100,2.77,AU,1691715693
53,montepuez,-13.1256,38.9997,17.26,69,0,4.03,MZ,1691715513
54,ubari,26.5921,12.7805,26.39,29,0,3.51,LY,1691715693
55,santa rosalia,27.3167,-112.2833,31.51,57,0,1.49,MX,1691715694
56,behbahan,30.5959,50.2417,33.72,24,2,2.05,IR,1691715694
57,yellowknife,62.456,-114.3525,21.29,43,100,1.03,CA,1691715668
58,howrah,22.5892,88.3103,27.0,89,75,0.0,IN,1691715605
59,wenchang,30.904,118.4887,29.87,70,0,1.18,CN,1691715694
60,hammerfest,70.6634,23.6821,18.25,68,75,3.09,NO,1691715694
61,bardai,11.65,7.2333,21.18,94,100,3.65,NG,1691715694
62,natal,-5.795,-35.2094,24.36,94,40,4.63,BR,1691715615
63,phongsali,21.6833,102.1058,19.48,91,62,0.58,LA,1691715694
64,zhangjiajie,29.1294,110.4783,28.91,75,5,0.54,CN,1691715694
65,bredasdorp,-34.5322,20.0403,12.36,72,0,0.97,ZA,1691715695
66,petropavlovsk-kamchatsky,53.0452,158.6483,18.33,55,20,1.0,RU,1691715695
67,port mathurin,-19.6833,63.4167,23.15,77,48,9.57,MU,1691715695
68,lata,40.1629,-8.3327,18.29,94,0,1.31,PT,1691715695
69,okhotsk,59.3833,143.3,15.46,76,100,3.8,RU,1691715695
70,anadyr,64.75,177.4833,11.28,76,100,2.68,RU,1691715695
71,okondja,-0.6549,13.6753,22.06,91,58,0.93,GA,1691715695
72,lebu,-37.6167,-73.65,9.04,76,100,4.36,CL,1691715401
73,quelimane,-17.8786,36.8883,20.97,82,40,3.13,MZ,1691715696
74,tazovsky,67.4667,78.7,5.19,60,0,9.7,RU,1691715696
75,pavilosta,56.8879,21.1859,12.95,81,89,5.59,LV,1691715696
76,nemuro,43.3236,145.575,20.7,93,100,6.56,JP,1691715696
77,saint-pierre,-21.3393,55.4781,19.2,68,0,2.57,RE,1691715696
78,hamilton,39.1834,-84.5333,24.93,77,5,1.24,US,1691715636
79,invercargill,-46.4,168.35,7.79,77,97,1.79,NZ,1691715696
80,la ronge,55.1001,-105.2842,13.14,100,100,5.66,CA,1691715696
81,enewetak,11.3474,162.3373,28.61,76,21,5.82,MH,1691715696
82,freetown,8.484,-13.2299,24.84,88,75,2.57,SL,1691715696
83,alice springs,-23.7,133.8833,20.75,26,0,0.0,AU,1691715431
84,neiafu,-18.65,-173.9833,28.38,83,40,3.09,TO,1691715696
85,znin,52.8496,17.7199,12.96,62,67,1.45,PL,1691715463
86,utrik,11.2278,169.8474,28.05,75,2,5.27,MH,1691715697
87,zhanaozen,43.3,52.8,27.33,29,5,3.96,KZ,1691715697
88,port saint john's,-31.6229,29.5448,16.34,85,0,3.84,ZA,1691715697
89,st. john's,47.5649,-52.7093,18.21,93,75,3.6,CA,1691715461
90,wailua homesteads,22.0669,-159.378,27.85,64,18,3.13,US,1691715697
91,ribeira grande,38.5167,-28.7,20.99,87,1,4.02,PT,1691715697
92,georgetown,5.4112,100.3354,27.96,89,20,1.03,MY,1691715414
93,sisimiut,66.9395,-53.6735,7.7,90,100,4.42,GL,1691715697
94,remire-montjoly,4.9167,-52.2667,25.02,94,30,0.0,GF,1691715697
95,happy valley-goose bay,53.3168,-60.3315,15.17,72,75,1.03,CA,1691715683
96,vila franca do campo,37.7167,-25.4333,23.23,94,81,2.43,PT,1691715697
97,kirakira,-10.4544,161.9205,25.26,83,100,6.39,SB,1691715698
98,prado,-17.3411,-39.2208,22.1,82,100,2.98,BR,1691715698
99,prince albert,53.2001,-105.7677,14.97,94,75,7.72,CA,1691715698
100,saipan,15.1355,145.701,27.39,100,100,6.17,MP,1691715491
101,tralee,52.2704,-9.7026,13.55,97,19,2.79,IE,1691715698
102,hikone,35.25,136.25,30.49,56,0,2.47,JP,1691715698
103,klyuchi,52.2667,79.1667,15.21,89,100,6.0,RU,1691715698
104,tommot,58.9564,126.2925,23.35,61,100,3.07,RU,1691715698
105,malpe,13.35,74.7167,25.61,91,96,1.78,IN,1691715698
106,thompson,55.7435,-97.8558,19.09,45,100,1.54,CA,1691715613
107,chikwawa,-16.0335,34.8009,16.84,88,11,1.51,MW,1691715698
108,sandnessjoen,66.0217,12.6316,11.29,86,45,4.57,NO,1691715698
109,saudarkrokur,65.7461,-19.6394,6.41,93,39,2.32,IS,1691715439
110,brandon,27.9378,-82.2859,32.73,74,0,0.45,US,1691715617
111,arar,30.9753,41.0381,33.01,12,0,3.09,SA,1691715698
112,oromocto,45.8351,-66.4792,22.73,84,40,2.06,CA,1691715699
113,port alfred,-33.5906,26.891,19.34,48,0,4.36,ZA,1691715512
114,crane,31.3974,-102.3501,39.31,15,33,3.06,US,1691715699
115,nadym,65.5333,72.5167,5.46,75,0,10.38,RU,1691715699
116,vorkuta,67.5,64.0,5.13,94,71,4.8,RU,1691715699
117,voinjama,8.4219,-9.7478,20.52,100,100,1.04,LR,1691715699
118,dalnerechensk,45.9339,133.7225,20.44,97,100,3.06,RU,1691715699
119,new norfolk,-42.7826,147.0587,13.27,75,100,2.24,AU,1691715699
120,edinburgh of the seven seas,-37.0676,-12.3116,12.08,74,93,13.17,SH,1691715699
121,longyearbyen,78.2186,15.6401,8.91,87,100,1.54,SJ,1691715426
122,fortuna,40.5982,-124.1573,22.18,77,20,5.14,US,1691715700
123,papatowai,-46.5619,169.4708,7.91,71,98,1.11,NZ,1691715700
124,jamestown,42.097,-79.2353,18.9,86,0,5.66,US,1691715700
125,gurupa,-1.405,-51.64,25.23,80,30,2.06,BR,1691715700
126,bilibino,68.0546,166.4372,13.17,68,100,1.84,RU,1691715700
127,newman,37.3138,-121.0208,33.49,47,100,1.34,US,1691715700
128,imperatriz,-5.5264,-47.4917,28.03,51,0,0.0,BR,1691715700
129,yelizovo,53.1873,158.3805,19.08,55,20,1.0,RU,1691715700
130,coquimbo,-29.9533,-71.3436,14.85,88,0,1.54,CL,1691715700
131,suonenjoki,62.6167,27.1333,15.67,97,8,2.26,FI,1691715700
132,fonte boa,-2.4959,-66.2662,23.21,99,100,1.91,BR,1691715701
133,kupang,-10.1667,123.5833,29.32,51,20,5.14,ID,1691715701
134,bubaque,11.2833,-15.8333,26.71,83,81,6.5,GW,1691715701
135,masterton,-40.9597,175.6575,10.49,75,51,2.08,NZ,1691715635
136,dampit,-8.2116,112.7493,24.06,56,10,2.45,ID,1691715701
137,coahuayana de hidalgo,18.7,-103.6583,29.29,74,90,1.84,MX,1691715702
138,avarua,-21.2078,-159.775,25.03,83,75,5.66,CK,1691715702
139,san clemente del tuyu,-36.3569,-56.7235,12.77,95,100,3.87,AR,1691715421
140,vacaresti,44.85,25.4833,20.13,99,95,2.05,RO,1691715702
141,changli,39.7042,119.1506,26.94,61,15,1.22,CN,1691715702
142,dudinka,69.4058,86.1778,8.68,48,88,12.1,RU,1691715702
143,naruto,34.1833,134.6167,28.99,79,20,6.17,JP,1691715703
144,polyarnyy,69.1989,33.4478,15.36,88,0,4.18,RU,1691715703
145,pachino,36.7186,15.0907,23.93,62,0,1.87,IT,1691715703
146,steinkjer,64.193,11.3851,9.52,98,100,1.13,NO,1691715703
147,novyy urengoy,66.0833,76.6333,6.69,63,0,9.96,RU,1691715703
148,rikaze,29.25,88.8833,15.86,55,100,1.05,CN,1691715704
149,arraial do cabo,-22.9661,-42.0278,21.32,87,15,10.05,BR,1691715704
150,matoury,4.8483,-52.3317,24.98,94,26,0.0,GF,1691715704
151,nouadhibou,20.931,-17.0347,21.99,83,40,3.09,MR,1691715704
152,santander jimenez,24.2167,-98.4667,30.88,66,0,8.33,MX,1691715705
153,wajir,1.7471,40.0573,22.64,66,100,6.4,KE,1691715705
154,sarmiento,-45.5882,-69.07,7.05,66,100,13.11,AR,1691715435
155,faya-largeau,17.9257,19.1043,33.15,45,15,3.29,TD,1691715705
156,mulanay,13.5222,122.4042,29.93,70,99,2.4,PH,1691715705
157,kangding,30.0513,101.9603,19.66,80,100,0.9,CN,1691715706
158,al fashn,28.8243,30.8995,24.65,64,0,6.29,EG,1691715706
159,zhangye,38.9342,100.4517,24.39,48,1,2.92,CN,1691715706
160,swift current,50.2834,-107.8014,19.45,63,0,4.63,CA,1691715465
161,yigo village,13.5361,144.8886,26.29,91,75,7.2,GU,1691715706
162,nahiyat ash shinafiyah,31.5874,44.6602,37.14,12,7,4.65,IQ,1691715706
163,kapa'a,22.0752,-159.319,28.6,62,13,3.13,US,1691715706
164,udachny,66.4167,112.4,19.69,64,99,4.54,RU,1691715706
165,mandera,3.9366,41.867,23.83,62,9,6.97,KE,1691715706
166,adrasmon,40.6472,69.9856,20.08,35,0,1.6,TJ,1691715706
167,flying fish cove,-10.4217,105.6791,24.82,83,75,4.63,CX,1691715707
168,zheleznodorozhnyy,55.7503,38.0042,18.29,81,100,1.96,RU,1691715416
169,cabo san lucas,22.8909,-109.9124,31.95,72,31,1.34,MX,1691715707
170,badger,64.8,-147.5333,22.85,69,20,0.0,US,1691715707
171,hafar al-batin,28.4328,45.9708,38.32,20,40,4.12,SA,1691715707
172,rongelap,11.1635,166.8941,28.37,74,100,6.44,MH,1691715707
173,rio grande,-32.035,-52.0986,17.75,98,58,4.7,BR,1691715690
174,fuyuan,46.4333,127.0833,23.12,80,61,6.99,CN,1691715707
175,port elizabeth,-33.918,25.5701,19.5,72,0,2.06,ZA,1691715708
176,rakops,-21.0167,24.3333,13.43,70,0,4.87,BW,1691715708
177,fortaleza,-3.7227,-38.5247,27.07,74,75,4.63,BR,1691715709
178,whitehorse,60.7161,-135.0538,17.83,82,75,2.06,CA,1691715511
179,jianshui,23.6363,102.8264,21.38,90,81,0.68,CN,1691715709
180,tacoronte,28.4769,-16.4102,27.36,91,20,5.66,ES,1691715634
181,port douglas,-16.4833,145.4667,23.48,61,96,7.53,AU,1691715709
182,bamboo flat,11.7,92.7167,27.86,81,58,6.17,IN,1691715516
183,chinde,26.8418,88.0763,19.05,98,100,0.35,NP,1691715709
184,lospalos,-8.5186,127.0025,24.99,62,23,5.41,TL,1691715709
185,pecan plantation,32.3604,-97.6756,39.58,33,0,6.17,US,1691715709
186,carnarvon,-24.8667,113.6333,20.04,71,6,2.08,AU,1691715709
187,kingsburg,36.5138,-119.554,31.05,45,75,5.14,US,1691715543
188,geraldton,-28.7667,114.6,14.23,94,100,1.54,AU,1691715710
189,kodiak,57.79,-152.4072,13.73,82,100,3.09,US,1691715488
190,sao paulo de olivenca,-3.3783,-68.8725,24.85,85,44,0.97,BR,1691715710
191,ko pha ngan,9.7578,100.0291,25.38,77,22,6.79,TH,1691715540
192,whangarei,-35.7317,174.3239,13.49,47,6,3.31,NZ,1691715710
193,belo sur tsiribihina,-19.7,44.55,18.68,93,5,1.18,MG,1691715710
194,inongo,-1.95,18.2667,19.96,92,90,1.75,CD,1691715710
195,spring creek,40.7266,-115.5859,31.83,14,5,3.7,US,1691715699
196,uturoa,-16.7333,-151.4333,24.99,70,100,8.29,PF,1691715710
197,cill airne,52.05,-9.5167,14.38,96,58,2.57,IE,1691715710
198,meads,38.4126,-82.7091,23.94,83,0,2.06,US,1691715710
199,ilulissat,69.2167,-51.1,7.01,81,75,1.54,GL,1691715710
200,bayanaul,50.7889,75.6956,14.12,85,100,5.12,KZ,1691715711
201,keflavik,64.0049,-22.5624,12.95,93,40,4.63,IS,1691715711
202,bikenibeu village,1.3673,173.1241,30.98,70,40,2.57,KI,1691715711
203,san angelo,31.4638,-100.437,39.67,25,15,4.92,US,1691715630
204,azemmour,33.2895,-8.3425,23.77,74,99,6.79,MA,1691715712
205,punta arenas,-53.15,-70.9167,1.87,78,12,4.99,CL,1691715712
206,shaowu,27.3409,117.4831,27.81,85,100,1.04,CN,1691715712
207,kristiansund,63.1115,7.732,11.03,93,100,0.0,NO,1691715712
208,yangcun,39.3639,117.0603,28.99,69,53,1.17,CN,1691715712
209,tolanaro,-25.0319,46.9987,18.04,77,75,1.03,MG,1691715713
210,susuman,62.7833,148.1667,18.52,41,10,0.79,RU,1691715713
211,shenjiamen,29.9576,122.298,28.53,78,82,0.68,CN,1691715713
212,gadzhiyevo,69.2551,33.3362,15.26,87,0,4.47,RU,1691715713
213,lindi,-10.0,39.7167,18.95,94,1,2.31,TZ,1691715714
214,richards bay,-28.783,32.0377,15.08,84,0,3.49,ZA,1691715715
215,silvia,2.611,-76.3785,11.22,95,44,2.16,CO,1691715715
216,fisterra,42.9049,-9.2629,19.86,93,2,3.56,ES,1691715715
217,brisas de zicatela,15.8369,-97.0419,28.37,77,35,1.5,MX,1691715715
218,kone,-21.0595,164.8658,23.3,38,0,3.89,NC,1691715715
219,bargaal,11.2864,51.0773,27.03,65,57,9.21,SO,1691715715
220,eyl,7.9803,49.8164,24.6,77,100,9.2,SO,1691715715
221,mikuni,36.2171,136.1519,32.95,55,0,1.0,JP,1691715716
222,puerto armuelles,8.2833,-82.8667,27.27,91,100,1.34,PA,1691715716
223,berdigestyakh,62.0989,126.6992,22.23,54,0,3.7,RU,1691715716
224,lautoka,-17.6167,177.4667,21.92,83,100,2.57,FJ,1691715676
225,huicheng,23.0385,116.2899,26.66,88,100,4.19,CN,1691715716
226,kamloops,50.6665,-120.3192,27.54,40,40,2.06,CA,1691715601
227,acarau,-2.8856,-40.12,25.48,85,13,6.8,BR,1691715556
228,pasco,28.292,-82.4165,32.25,65,26,2.81,US,1691715716
229,puerto deseado,-47.7503,-65.8938,6.83,74,12,10.11,AR,1691715716
230,tadine,-21.55,167.8833,20.25,52,0,7.83,NC,1691715717
231,talnakh,69.4865,88.3972,8.45,61,100,8.11,RU,1691715717
232,howick,-29.4779,30.2306,8.67,68,0,2.02,ZA,1691715717
233,cranbrook,49.4999,-115.7688,21.91,37,75,5.14,CA,1691715717
234,yulinshi,38.2906,109.7494,26.38,62,100,4.88,CN,1691715717
235,namibe,-15.1961,12.1522,15.75,84,9,4.21,AO,1691715717
236,colonia,50.9333,6.95,18.31,81,0,1.03,DE,1691715482
237,pearsall,28.8922,-99.095,39.23,22,0,5.2,US,1691715718
238,andergrove,-21.0833,149.1833,24.8,55,0,3.61,AU,1691715719
239,oranjemund,-28.55,16.4333,17.26,63,79,3.01,NA,1691715719
240,aksu,41.1231,80.2644,25.61,43,100,2.51,CN,1691715625
241,ventspils,57.3894,21.5606,11.96,100,40,2.57,LV,1691715719
242,el kala,36.8956,8.4433,20.23,46,8,1.8,DZ,1691715719
243,greenville,35.6127,-77.3663,27.09,80,0,0.0,US,1691715597
244,port blair,11.6667,92.75,27.85,81,58,6.26,IN,1691715719
245,tupiza,-21.45,-65.7167,11.86,8,100,1.45,BO,1691715719
246,ujae,8.9322,165.7642,28.31,70,5,5.02,MH,1691715491
247,selfoss,63.9331,-20.9971,13.36,86,41,3.82,IS,1691715720
248,harper,4.375,-7.7169,24.06,84,100,3.98,LR,1691715720
249,vadso,70.0744,29.7487,18.09,77,20,7.2,NO,1691715720
250,coxen hole,16.3244,-86.5366,28.6,84,20,3.09,HN,1691715175
251,ust-nera,64.5667,143.2,22.98,37,60,0.77,RU,1691715720
252,bealanana,-14.55,48.7333,14.64,97,100,1.13,MG,1691715721
253,zyryanovsk,49.7386,84.2719,16.01,87,27,1.17,KZ,1691715721
254,toliara,-23.35,43.6667,16.53,75,0,5.43,MG,1691715721
255,hauterive,46.0901,3.4459,21.42,76,50,1.45,FR,1691715721
256,mount pearl,47.5166,-52.7813,17.69,94,75,3.6,CA,1691715722
257,umm kaddadah,13.6017,26.6876,29.88,48,100,3.37,SD,1691715722
258,taulaga,-11.0553,-171.0883,27.45,79,43,5.9,AS,1691715723
259,peniche,39.3558,-9.3811,19.6,93,0,4.53,PT,1691715723
260,sovetskaya gavan',48.9723,140.2878,15.15,96,100,0.49,RU,1691715724
261,kanniyakumari,8.0833,77.5667,25.87,81,57,6.46,IN,1691715724
262,san andres,12.5847,-81.7006,30.01,79,40,3.6,CO,1691715724
263,ilhabela,-23.7781,-45.3581,20.23,92,16,2.21,BR,1691715675
264,charters towers,-20.1,146.2667,23.22,39,3,5.55,AU,1691715724
265,markovo,57.3206,107.0881,16.78,92,100,1.77,RU,1691715724
266,sasovo,54.3537,41.9199,18.14,77,78,2.93,RU,1691715725
267,post,33.1909,-101.3782,37.69,19,1,3.99,US,1691715725
268,nasiriyah,31.0521,46.261,37.63,12,0,2.77,IQ,1691715499
269,callao,-12.0667,-77.15,21.16,73,100,4.12,PE,1691715555
270,emerald,-23.5333,148.1667,22.41,50,0,1.21,AU,1691715725
271,farafangana,-22.8167,47.8333,18.93,82,99,4.86,MG,1691715726
272,kenai,60.5544,-151.2583,17.05,91,75,1.54,US,1691715648
273,tamanrasset,22.785,5.5228,24.95,11,0,3.09,DZ,1691715726
274,al bahah,20.0129,41.4677,24.68,21,53,4.31,SA,1691715726
275,kingston,17.997,-76.7936,26.78,97,100,0.84,JM,1691715625
276,hithadhoo,-0.6,73.0833,27.82,76,100,5.07,MV,1691715726
277,halmstad,56.6745,12.8568,13.11,76,100,1.54,SE,1691715726
278,sao raimundo das mangabeiras,-7.0219,-45.4811,25.57,39,0,1.55,BR,1691715727
279,pacific grove,36.6177,-121.9166,24.58,85,75,4.12,US,1691715459
280,roznov pod radhostem,49.4585,18.143,13.62,73,2,1.19,CZ,1691715727
281,mugia,43.1041,-9.2179,19.95,93,2,3.68,ES,1691715727
282,ar ruways,24.1103,52.7306,35.73,39,1,5.66,AE,1691715727
283,mil'kovo,55.6078,37.7956,18.27,83,100,2.45,RU,1691715728
284,santa ana,33.7456,-117.8678,30.01,71,40,4.63,US,1691715493
285,barra de santo antonio,-9.4047,-35.5072,22.6,86,10,4.02,BR,1691715728
286,juneau,58.3019,-134.4197,15.79,95,100,4.12,US,1691715520
287,tidjikja,18.5564,-11.4271,33.46,29,74,2.14,MR,1691715729
288,manokwari,-0.8667,134.0833,27.91,71,34,1.78,ID,1691715729
289,anantapur,14.6833,77.6,25.8,73,71,5.46,IN,1691715729
290,minas de marcona,-15.2119,-75.1103,12.47,89,86,6.68,PE,1691715513
291,carutapera,-1.195,-46.02,24.66,89,9,2.45,BR,1691715730
292,qarazhal,48.0078,70.7903,18.11,81,60,4.0,KZ,1691715730
293,kansanshi,-12.0951,26.4273,11.27,51,0,2.01,ZM,1691715730
294,san patricio,28.017,-97.5169,32.87,63,0,7.51,US,1691715730
295,sinabang,2.4803,96.3801,26.64,80,83,0.82,ID,1691715730
296,vorgashor,67.5833,63.95,5.05,93,82,4.9,RU,1691715730
297,castlemaine,-37.0667,144.2167,12.93,64,100,3.48,AU,1691715730
298,la foa,-21.7108,165.8276,20.99,47,0,5.4,NC,1691715731
299,mae chai,19.346,99.814,24.18,90,100,1.01,TH,1691715731
300,rabo de peixe,37.8,-25.5833,22.73,88,75,3.6,PT,1691715731
301,holualoa,19.6228,-155.9522,25.43,83,52,2.68,US,1691715731
302,glubokoye,50.1456,82.3114,17.86,88,40,4.0,KZ,1691715731
303,tomatlan,19.9333,-105.25,28.72,76,36,1.62,MX,1691715731
304,san borja,-14.8167,-66.85,27.07,56,15,1.45,BO,1691715731
305,gouyave,12.1646,-61.7296,28.43,84,20,6.17,GD,1691715732
306,dravograd,46.5881,15.0192,16.49,95,22,0.54,SI,1691715732
307,simanggang,1.2472,111.4528,25.01,94,20,0.0,MY,1691715732
308,yeroham,30.9872,34.9314,21.23,89,11,2.86,IL,1691715732
309,san antonio de pale,-1.4014,5.6325,23.55,87,90,4.23,GQ,1691715660
310,march,52.5513,0.0883,19.49,78,10,4.58,GB,1691715732
311,hasaki,35.7333,140.8333,31.27,78,9,6.09,JP,1691715733
312,sorong,-0.8833,131.25,27.37,69,26,5.32,ID,1691715733
313,orivesi,61.6777,24.3572,13.21,87,57,2.24,FI,1691715733
314,praia da vitoria,38.7333,-27.0667,23.14,88,40,3.71,PT,1691715733
315,santiago de cao,-7.9589,-79.2392,21.07,83,75,4.63,PE,1691715733
316,gualaceo,-2.9,-78.7833,17.81,95,75,1.68,EC,1691715733
317,fort bragg,35.139,-79.006,28.28,77,20,1.54,US,1691715590
318,pisco,-13.7,-76.2167,20.03,77,100,8.75,PE,1691715536
319,coos bay,43.3665,-124.2179,25.73,64,0,9.77,US,1691715438
320,dalnegorsk,44.5604,135.5701,17.68,99,100,1.23,RU,1691715733
321,chonchi,-42.6128,-73.8092,4.51,90,21,1.96,CL,1691715733
322,suez,29.9737,32.5263,23.5,80,0,4.25,EG,1691715734
323,myanaung,18.2833,95.3167,24.91,91,100,1.2,MM,1691715734
324,west bay,19.3667,-81.4167,31.04,80,20,2.06,KY,1691715734
325,kuqa,41.7278,82.9364,29.77,25,89,1.69,CN,1691715616
326,shimanovsk,52.0,127.7,24.77,45,1,2.89,RU,1691715734
327,prince rupert,54.3161,-130.3201,17.05,85,100,7.72,CA,1691715734
328,stavern,59.0,10.0333,12.4,89,72,2.18,NO,1691715734
329,laguna,38.421,-121.4238,36.29,37,0,5.14,US,1691715734
330,saint-philippe,-21.3585,55.7679,18.77,78,1,2.1,RE,1691715734
331,atar,20.5169,-13.0499,37.55,18,99,8.75,MR,1691715734
332,baiyin,36.5583,104.2081,17.13,86,100,4.91,CN,1691715734
333,yeppoon,-23.1333,150.7333,22.88,55,0,2.59,AU,1691715735
334,barjala,23.6167,91.3667,26.92,97,100,2.94,IN,1691715735
335,undurkhaan,47.3194,110.6556,19.39,73,73,3.6,MN,1691715735
336,gbadolite,4.2833,21.0167,21.05,92,100,0.9,CD,1691715735
337,impfondo,1.6381,18.0667,21.69,97,88,0.39,CG,1691715735
338,guozhen,34.3659,107.359,27.47,82,100,1.21,CN,1691715440
339,mahikeng,-25.8652,25.6442,8.99,71,59,3.6,ZA,1691715735
340,tsiombe,-25.3,45.4833,17.23,56,60,4.15,MG,1691715735
341,kusheriki,10.5328,6.4422,21.5,98,100,1.05,NG,1691715735
342,sitka,57.0531,-135.33,14.52,94,100,1.69,US,1691715735
343,weno,7.4515,151.8468,28.07,74,45,2.6,FM,1691715736
344,tyul'gan,52.3405,56.166,14.61,78,0,3.36,RU,1691715736
345,afif,23.9065,42.9172,27.78,13,7,2.49,SA,1691715736
346,misratah,32.3754,15.0925,24.97,63,0,1.88,LY,1691715736
347,ponta delgada,37.7333,-25.6667,23.4,88,75,3.6,PT,1691715608
348,tura,25.5198,90.2201,24.1,98,100,2.58,IN,1691715736
349,luderitz,-26.6481,15.1594,17.35,64,21,2.05,NA,1691715736
350,nyurba,63.2842,118.3319,22.13,56,100,4.65,RU,1691715736
351,lorengau,-2.0226,147.2712,28.6,73,96,7.43,PG,1691715736
352,micheweni,-4.9667,39.8333,23.22,84,97,5.17,TZ,1691715736
353,vernon,50.2581,-119.2691,25.97,33,25,0.51,CA,1691715665
354,villamontes,-21.25,-63.5,22.66,39,0,1.77,BO,1691715737
355,lai,9.3952,16.2989,21.86,96,100,1.8,TD,1691715737
356,aasiaat,68.7098,-52.8699,3.28,87,100,0.47,GL,1691715737
357,kerikeri,-35.2268,173.9474,13.84,68,5,1.34,NZ,1691715737
358,treasure island,27.7692,-82.769,32.36,70,0,3.09,US,1691715737
359,hirara,24.8,125.2833,29.15,79,75,1.54,JP,1691715737
360,poronaysk,49.2167,143.1167,12.52,97,100,2.41,RU,1691715737
361,santo tome,-31.6627,-60.7653,18.34,90,98,2.9,AR,1691715738
362,kharp,66.8014,65.8081,9.2,81,2,2.19,RU,1691715441
363,yuscaran,13.9333,-86.85,27.58,70,4,1.55,HN,1691715738
364,ulsteinvik,62.3432,5.8487,13.2,89,100,2.24,NO,1691715738
365,katsuura,35.1333,140.3,28.48,75,13,6.23,JP,1691715738
366,tezu,27.9167,96.1667,25.52,97,100,0.67,IN,1691715738
367,la passe,45.5549,-0.8967,19.43,92,44,1.84,FR,1691715738
368,kavaratti,10.5669,72.642,27.72,76,100,7.32,IN,1691715738
369,khandyga,62.6667,135.6,24.25,36,1,1.94,RU,1691715738
370,sao jose da coroa grande,-8.8978,-35.1478,23.53,85,68,3.66,BR,1691715473
371,kailua-kona,19.6406,-155.9956,27.5,83,47,2.68,US,1691715739
372,gorleston-on-sea,52.573,1.7307,17.78,78,0,4.0,GB,1691715739
373,fale old settlement,-9.3852,-171.2468,27.73,78,89,5.76,TK,1691715739
374,hermanus,-34.4187,19.2345,15.31,58,0,1.0,ZA,1691715739
375,ambon,-3.6954,128.1814,27.08,78,40,3.6,ID,1691715739
376,mehran,33.1222,46.1646,37.09,12,0,3.41,IR,1691715739
377,bua yai,15.5855,102.4259,28.92,71,100,6.57,TH,1691715739
378,al kharijah,25.4514,30.5464,29.6,25,0,4.23,EG,1691715740
379,bebedja,8.6761,16.566,21.84,97,96,1.73,TD,1691715740
380,itoman,26.1247,127.6694,29.21,89,75,3.09,JP,1691715740
381,luna,10.9667,123.2333,29.5,72,90,6.65,PH,1691715740
382,vilhena,-12.7406,-60.1458,25.17,37,100,1.7,BR,1691715740
383,dakhla,23.6848,-15.958,21.9,82,79,6.35,EH,1691715510
384,atafu village,-8.5421,-172.5159,28.17,75,60,4.6,TK,1691715740
385,macapa,0.0389,-51.0664,27.99,78,20,4.12,BR,1691715668
386,takoradi,4.8845,-1.7554,22.46,94,18,1.24,GH,1691715609
387,labrador city,52.9463,-66.9114,14.95,77,75,2.06,CA,1691715606
388,lompoc,34.6391,-120.4579,26.12,85,100,2.57,US,1691715606
389,hobyo,5.3505,48.5268,24.33,85,57,10.75,SO,1691715740
390,christchurch,-43.5333,172.6333,11.34,66,61,2.06,NZ,1691715740
391,cidreira,-30.1811,-50.2056,17.69,96,98,7.07,BR,1691715726
392,usinsk,65.9939,57.5281,11.13,81,46,3.88,RU,1691715741
393,north platte,41.1239,-100.7654,29.43,53,0,1.79,US,1691715741
394,buala,-8.145,159.5921,25.8,87,100,6.35,SB,1691715741
395,amurzet,47.6967,131.0981,19.19,83,100,5.03,RU,1691715741
396,giridih,24.1833,86.3,26.79,82,100,2.64,IN,1691715741
397,tanah merah,5.8,102.15,25.9,89,17,1.23,MY,1691715741
398,puerto baquerizo moreno,-0.9,-89.6,23.97,83,6,6.38,EC,1691715613
399,san luis,-33.295,-66.3356,12.96,52,0,5.61,AR,1691715737
400,portland,45.5234,-122.6762,28.07,46,20,4.12,US,1691715576
401,akrehamn,59.2667,5.1833,11.11,87,15,1.03,NO,1691715742
402,araguaina,-7.1911,-48.2072,26.16,35,0,1.76,BR,1691715690
403,ugoofaaru,5.6667,73.0,28.22,74,100,6.85,MV,1691715742
404,broome,42.2506,-75.833,20.21,95,40,3.09,US,1691715550
405,holdrege,40.4403,-99.3698,30.6,68,0,2.06,US,1691715450
406,banda aceh,5.5577,95.3222,27.22,79,88,3.18,ID,1691715742
407,margate,51.3813,1.3862,19.83,78,8,1.34,GB,1691715367
408,hotan,37.0997,79.9269,29.01,20,96,2.76,CN,1691715742
409,heunghae,36.1125,129.3522,28.08,71,1,3.61,KR,1691715742
410,talcahuano,-36.7167,-73.1167,10.82,76,40,2.06,CL,1691715742
411,inonu,37.3167,33.7667,21.75,48,0,0.71,TR,1691715742
412,paidha,2.4167,30.9855,15.6,89,16,2.12,UG,1691715743
413,guiping,23.3925,110.0814,28.81,82,22,1.38,CN,1691715743
414,bolgar,54.95,49.0667,19.9,73,35,2.04,RU,1691715743
415,krakow,50.0833,19.9167,13.97,86,0,1.54,PL,1691715660
416,road town,18.4167,-64.6167,30.02,79,40,3.09,VG,1691715604
417,venezuela,8.0,-66.0,28.0,75,6,2.45,VE,1691715743
418,uitenhage,-33.7576,25.3971,19.12,30,0,6.08,ZA,1691715743
419,chernyshevsk,52.5243,117.0174,15.79,98,100,1.79,RU,1691715743
420,mascotte,28.5783,-81.8867,31.66,77,0,3.38,US,1691715743
421,san julian,21.0167,-102.1667,20.51,60,99,3.21,MX,1691715743
422,abraveses,40.6814,-7.921,16.16,78,3,0.76,PT,1691715743
423,port lincoln,-34.7333,135.8667,12.58,66,99,2.4,AU,1691715744
424,panacan,9.2463,118.4082,28.97,73,97,1.76,PH,1691715744
425,sao gabriel da cachoeira,-0.1303,-67.0892,23.14,98,100,0.3,BR,1691715744
426,aragarcas,-15.8975,-52.2508,25.6,36,0,1.35,BR,1691715744
427,tayoltita,24.0833,-105.9333,21.65,93,100,0.92,MX,1691715744
428,komatsu,36.4026,136.4509,32.99,55,20,3.09,JP,1691715744
429,thunder bay,48.4001,-89.3168,18.99,59,75,2.06,CA,1691715583
430,coronel dorrego,-38.7187,-61.2873,11.59,58,100,4.27,AR,1691715744
431,lijiang,26.8688,100.2207,18.55,89,100,0.98,CN,1691715745
432,taikang,46.8333,124.4167,23.91,71,68,3.81,CN,1691715745
433,sumbawa besar,-8.5,117.4333,27.85,46,13,1.88,ID,1691715703
434,afaahiti,-17.75,-149.2833,26.93,69,100,8.17,PF,1691715745
435,salacgriva,57.7536,24.3581,14.32,78,100,3.16,LV,1691715745
436,dali,25.7,100.1833,19.32,90,100,1.0,CN,1691715745
437,birao,10.2849,22.7882,21.85,93,58,0.87,CF,1691715745
438,urdinarrain,-32.6857,-58.8932,17.34,82,100,2.32,AR,1691715745
439,severo-yeniseyskiy,60.3725,93.0408,12.35,97,100,0.97,RU,1691715746
440,junin de los andes,-39.9504,-71.0694,4.3,76,78,5.41,AR,1691715746
441,khategaon,22.6,76.9167,22.99,92,29,2.43,IN,1691715746
442,bodo,67.28,14.405,15.99,70,0,6.17,NO,1691715746
443,san cristobal verapaz,15.3833,-90.4,18.31,94,100,0.0,GT,1691715746
444,luanda,-8.8368,13.2343,20.0,94,0,4.63,AO,1691715640
445,daru,-9.0763,143.2092,25.37,70,100,7.45,PG,1691715747
446,qui nhon,13.7667,109.2333,31.39,61,14,4.32,VN,1691715747
447,fairwood,47.4484,-122.1573,23.74,56,75,3.09,US,1691715747
448,masina,-4.3836,15.3914,26.16,65,75,3.09,CD,1691715747
449,yuzhno-kurilsk,44.0306,145.8556,22.25,88,100,6.05,RU,1691715747
450,glace bay,46.1969,-59.957,17.25,86,75,7.2,CA,1691715747
451,salekhard,66.53,66.6019,9.48,77,0,2.49,RU,1691715747
452,nakasongola,1.3089,32.4564,17.48,91,11,0.39,UG,1691715747
453,phalauda,29.1833,77.8167,26.98,86,23,0.79,IN,1691715748
454,maumere,-8.6199,122.2111,26.52,66,100,1.8,ID,1691715748
455,moreira sales,-24.0622,-53.0069,21.6,48,0,3.83,BR,1691715663
456,barah,13.7,30.3667,26.58,66,100,5.58,SD,1691715748
457,boyolangu,-8.1181,111.8935,23.97,76,32,2.3,ID,1691715748
458,jessen,51.7833,12.95,12.91,93,75,0.0,DE,1691715748
459,papao,-17.75,-149.55,27.82,70,100,9.13,PF,1691715749
460,rahimah,26.7079,50.0619,32.12,69,0,1.4,SA,1691715749
461,puerto rico,-26.796,-55.024,19.83,91,24,1.63,AR,1691715582
462,egilsstadir,65.2653,-14.3948,7.95,87,75,4.12,IS,1691715749
463,nesebar,42.7833,27.7333,17.49,85,100,7.03,BG,1691715749
464,verkhnedneprovskiy,54.9813,33.3457,13.68,68,100,2.66,RU,1691715749
465,pandan,14.0453,124.1694,30.67,67,100,2.27,PH,1691715749
466,ain defla,36.2641,1.9679,29.19,36,0,1.35,DZ,1691715749
467,oriximina,-1.7656,-55.8661,26.97,67,99,1.89,BR,1691715749
468,bonthe,7.5264,-12.505,25.08,83,100,4.77,SL,1691715750
469,labytnangi,66.6572,66.4183,9.66,80,0,1.39,RU,1691715750
470,howard springs,-12.497,131.047,28.23,38,10,4.87,AU,1691715750
471,floro,61.5996,5.0328,9.98,93,100,3.09,NO,1691715750
472,ancud,-41.8697,-73.8203,8.77,56,48,9.14,CL,1691715624
473,baruun-urt,46.6806,113.2792,20.96,70,5,3.36,MN,1691715751
474,posto fiscal rolim de moura,-13.0833,-62.2667,27.31,45,30,0.69,BR,1691715752
475,kruisfontein,-34.0033,24.7314,18.27,32,0,5.75,ZA,1691715752
476,pieksamaki,62.3,27.1333,11.32,97,17,2.12,FI,1691715752
477,usta muhammad,28.1794,68.0445,30.37,61,100,4.53,PK,1691715752
478,alto araguaia,-17.3147,-53.2153,22.65,34,0,2.23,BR,1691715752
479,ndjole,-0.1783,10.7649,23.79,84,100,1.84,GA,1691715752
480,zhongshu,24.5167,103.7667,20.98,88,22,0.35,CN,1691715752
481,lexington,37.9887,-84.4777,25.62,73,99,2.74,US,1691715472
482,mount gambier,-37.8333,140.7667,12.55,80,100,3.73,AU,1691715752
483,palmas,-10.2128,-48.3603,26.93,50,0,2.06,BR,1691715542
484,rakitnoye,50.8389,35.8515,18.19,97,100,3.95,RU,1691715753
485,folkston,30.8305,-82.0098,28.88,81,0,1.45,US,1691715753
486,belle plaine,44.6227,-93.7686,24.65,78,100,2.1,US,1691715552
487,taoudenni,22.6783,-3.9836,38.11,9,0,7.78,ML,1691715547
488,kembe,4.6228,21.8865,20.06,95,96,0.78,CF,1691715753
489,atherton,53.5237,-2.4935,20.72,85,96,0.89,GB,1691715753
490,grand falls-windsor,48.9332,-55.6649,15.28,95,100,1.33,CA,1691715753
491,chernyshevskiy,63.0128,112.4714,20.17,66,100,3.14,RU,1691715753
492,darwin,-12.4611,130.8418,28.27,48,0,7.2,AU,1691715754
493,garoua,9.3,13.4,22.14,95,97,1.59,CM,1691715754
494,terrace,54.5163,-128.6035,18.95,68,100,6.69,CA,1691715754
495,maun,-19.9833,23.4167,13.98,58,0,3.09,BW,1691715754
496,enid,36.3956,-97.8784,32.09,48,0,4.12,US,1691715525
497,huarmey,-10.0681,-78.1522,19.7,81,16,4.34,PE,1691715754
498,nykobing mors,56.7933,8.8528,13.4,84,5,4.63,DK,1691715754
499,phang nga,8.4509,98.5298,28.02,83,23,1.05,TH,1691715755
500,malvan,16.0667,73.4667,25.83,83,96,1.86,IN,1691715755
501,diawara,15.022,-12.5437,28.93,68,74,7.89,SN,1691715755
502,heroica caborca,30.7167,-112.15,34.85,27,100,6.52,MX,1691715645
503,roma,43.2128,-75.4557,20.08,96,75,2.57,US,1691715755
504,haiku-pauwela,20.9219,-156.3051,27.92,73,26,4.02,US,1691715755
505,walvis bay,-22.9575,14.5053,13.53,94,65,3.6,NA,1691715756
506,ulanhot,46.0833,122.0833,21.76,80,98,5.51,CN,1691715756
507,priargunsk,50.3691,119.1012,19.73,71,100,2.62,RU,1691715756
508,chuguyevka,44.1653,133.8633,19.41,96,100,2.54,RU,1691715756
509,kaset sombun,16.2805,101.9542,25.15,89,100,2.09,TH,1691715756
510,torghay,49.6339,63.4981,19.09,60,29,6.64,KZ,1691715756
511,smithers,54.7804,-127.1743,20.18,45,75,2.57,CA,1691715756
512,tyukhtet,56.5389,89.3011,16.03,84,100,1.22,RU,1691715757
513,lupiro,-8.3833,36.6667,18.31,65,0,0.98,TZ,1691715757
514,lihue,21.9789,-159.3672,28.19,64,13,5.65,US,1691715757
515,kuching,1.55,110.3333,27.8,84,20,1.54,MY,1691715757
516,rabaul,-4.1967,152.1721,26.32,76,100,7.61,PG,1691715757
517,nizhniy kuranakh,58.8353,125.4869,19.82,68,100,4.01,RU,1691715757
518,ipira,-12.1583,-39.7372,19.37,86,67,3.95,BR,1691715757
519,mar del plata,-38.0023,-57.5575,15.61,92,0,3.09,AR,1691715515
520,tongchuanshi,35.0806,109.0897,23.66,84,100,0.93,CN,1691715757
521,akureyri,65.6835,-18.0878,6.96,87,100,2.06,IS,1691715757
522,inari,68.906,27.0288,13.11,94,0,3.01,FI,1691715757
523,touros,-5.1989,-35.4608,24.58,80,13,6.43,BR,1691715757
524,tateyama,34.9833,139.8667,28.28,76,8,5.28,JP,1691715757
525,albertina,-22.2008,-46.6158,17.75,62,0,2.92,BR,1691715541
526,tucumcari,35.1717,-103.725,36.64,16,0,3.6,US,1691715758
527,aban,56.67,96.06,18.84,63,86,2.59,RU,1691715758
528,funafuti,-8.5243,179.1942,31.0,84,75,2.57,TV,1691715758
529,ust'-kut,56.7938,105.7672,17.32,87,100,1.59,RU,1691715758
530,san sebastian de la gomera,28.0916,-17.1133,29.2,44,0,1.03,ES,1691715758
531,karystos,38.0133,24.4161,25.23,58,48,6.71,GR,1691715758
532,hadibu,12.65,54.0333,25.28,81,100,7.05,YE,1691715758
533,itacoatiara,-3.1431,-58.4442,26.96,59,29,1.14,BR,1691715679
534,bakanas,44.8081,76.2772,27.43,38,100,3.48,KZ,1691715758
535,berezovo,63.9381,65.0419,9.87,77,7,2.89,RU,1691715759
536,thulamahashi,-24.7246,31.1994,15.28,82,97,1.48,ZA,1691715759
537,dul'durga,50.6761,113.5931,16.77,94,100,1.65,RU,1691715759
538,kavarna,43.4333,28.3333,19.21,76,100,9.39,BG,1691715759
539,antofagasta,-23.65,-70.4,16.6,75,14,3.32,CL,1691715130
540,mejit,10.2753,170.8646,27.98,78,40,5.73,MH,1691715759
541,broken hill,-31.95,141.4333,14.8,46,0,3.0,AU,1691715753
542,revda,56.801,59.9303,12.51,73,100,1.38,RU,1691715759
543,queenstown,-31.8976,26.8753,10.37,50,0,2.77,ZA,1691715666
544,xining,36.6167,101.7667,16.06,92,100,0.58,CN,1691715759
545,sao joao da barra,-21.6403,-41.0511,23.05,85,0,8.51,BR,1691715760
546,kourou,5.1552,-52.6478,25.03,89,47,2.78,GF,1691715760
547,novoye devyatkino,60.0727,30.4784,17.68,74,100,1.31,RU,1691715760
548,santo antonio de padua,-21.5394,-42.1803,20.72,83,0,1.05,BR,1691715753
549,ardestan,33.3761,52.3694,25.51,19,0,1.79,IR,1691715760
550,morant bay,17.8815,-76.4093,26.51,83,32,3.01,JM,1691715760
551,timbuktu,16.7735,-3.0074,33.07,41,77,2.56,ML,1691715760
552,palikir - national government center,6.9248,158.1611,28.47,84,100,2.57,FM,1691715761
553,tahe,52.3333,124.7333,22.79,59,100,2.65,CN,1691715761
554,kuvandyk,51.4781,57.3552,16.95,92,3,6.07,RU,1691715761
555,astara,38.5,48.6667,18.39,39,0,2.02,AZ,1691715761
556,aioun,16.6614,-9.6149,32.26,45,79,6.72,MR,1691715761
557,guerrero negro,27.9769,-114.0611,23.88,74,0,8.09,MX,1691715762
558,palu,-0.8917,119.8707,28.43,79,89,0.24,ID,1691715762
559,lazaro cardenas,17.9583,-102.2,28.98,76,17,3.81,MX,1691715762
560,gemena,3.25,19.7667,21.42,99,85,0.61,CD,1691715762
561,coron,11.9986,120.2043,29.11,75,78,4.05,PH,1691715762
562,singkawang,0.9,109.0,25.44,90,94,2.56,ID,1691715762
563,san cristobal,7.7669,-72.225,25.1,93,100,1.98,VE,1691715762
564,taza,34.25,-3.75,30.43,33,5,1.2,MA,1691715763
565,chulym,55.0997,80.9572,11.83,86,100,4.05,RU,1691715763
566,shangmei,27.7428,111.2956,27.85,75,0,1.11,CN,1691715763
567,isla vista,34.4133,-119.861,24.95,81,75,5.14,US,1691715763
568,suva,-18.1416,178.4415,21.71,88,75,3.6,FJ,1691715763
569,likiep,9.8251,169.3107,27.85,72,23,4.54,MH,1691715763
570,pailon,-17.65,-62.75,27.5,35,0,5.11,BO,1691715763
571,kununurra,-15.7667,128.7333,26.99,34,61,3.09,AU,1691715763
572,olenino,56.2092,33.4889,12.41,70,100,1.79,RU,1691715763
573,gallup,35.5281,-108.7426,26.42,50,0,2.57,US,1691715764
574,arvayheer,46.2639,102.775,15.53,63,1,1.28,MN,1691715764
575,praia,14.9215,-23.5087,26.3,73,20,3.09,CV,1691715764
576,medina,24.4686,39.6142,32.24,12,0,3.6,SA,1691715616
